{
	"AUTOGEN_COMMAND_LINE_LENGTH_MAX" : 32000,
	"BUILD_DIR" : "C:/QT_Program/PhotoShop-Lite/build/Desktop_Qt_6_10_0_MSVC2022_64bit-Release/PhotoShop-Lite_autogen",
	"CMAKE_BINARY_DIR" : "C:/QT_Program/PhotoShop-Lite/build/Desktop_Qt_6_10_0_MSVC2022_64bit-Release",
	"CMAKE_CURRENT_BINARY_DIR" : "C:/QT_Program/PhotoShop-Lite/build/Desktop_Qt_6_10_0_MSVC2022_64bit-Release",
	"CMAKE_CURRENT_SOURCE_DIR" : "C:/QT_Program/PhotoShop-Lite/Project",
	"CMAKE_EXECUTABLE" : "C:/Qt/Tools/CMake_64/bin/cmake.exe",
	"CMAKE_LIST_FILES" : 
	[
		"C:/QT_Program/PhotoShop-Lite/Project/CMakeLists.txt",
		"C:/QT_Program/PhotoShop-Lite/build/Desktop_Qt_6_10_0_MSVC2022_64bit-Release/.qtc/package-manager/auto-setup.cmake",
		"C:/Qt/Tools/CMake_64/share/cmake-3.30/Modules/CMakeDetermineSystem.cmake",
		"C:/Qt/Tools/CMake_64/share/cmake-3.30/Modules/CMakeSystem.cmake.in",
		"C:/QT_Program/PhotoShop-Lite/build/Desktop_Qt_6_10_0_MSVC2022_64bit-Release/CMakeFiles/3.30.5/CMakeSystem.cmake",
		"C:/Qt/Tools/CMake_64/share/cmake-3.30/Modules/CMakeNinjaFindMake.cmake",
		"C:/Qt/Tools/CMake_64/share/cmake-3.30/Modules/CMakeSystemSpecificInitialize.cmake",
		"C:/Qt/Tools/CMake_64/share/cmake-3.30/Modules/Platform/Windows-Initialize.cmake",
		"C:/Qt/Tools/CMake_64/share/cmake-3.30/Modules/CMakeDetermineCXXCompiler.cmake",
		"C:/Qt/Tools/CMake_64/share/cmake-3.30/Modules/CMakeDetermineCompiler.cmake",
		"C:/Qt/Tools/CMake_64/share/cmake-3.30/Modules/Platform/Windows-Determine-CXX.cmake",
		"C:/Qt/Tools/CMake_64/share/cmake-3.30/Modules/CMakeDetermineCompilerId.cmake",
		"C:/Qt/Tools/CMake_64/share/cmake-3.30/Modules/CMakeCompilerIdDetection.cmake",
		"C:/Qt/Tools/CMake_64/share/cmake-3.30/Modules/Compiler/ADSP-DetermineCompiler.cmake",
		"C:/Qt/Tools/CMake_64/share/cmake-3.30/Modules/Compiler/ARMCC-DetermineCompiler.cmake",
		"C:/Qt/Tools/CMake_64/share/cmake-3.30/Modules/Compiler/ARMClang-DetermineCompiler.cmake",
		"C:/Qt/Tools/CMake_64/share/cmake-3.30/Modules/Compiler/AppleClang-DetermineCompiler.cmake",
		"C:/Qt/Tools/CMake_64/share/cmake-3.30/Modules/Compiler/Clang-DetermineCompilerInternal.cmake",
		"C:/Qt/Tools/CMake_64/share/cmake-3.30/Modules/Compiler/Borland-DetermineCompiler.cmake",
		"C:/Qt/Tools/CMake_64/share/cmake-3.30/Modules/Compiler/Clang-DetermineCompiler.cmake",
		"C:/Qt/Tools/CMake_64/share/cmake-3.30/Modules/Compiler/Clang-DetermineCompilerInternal.cmake",
		"C:/Qt/Tools/CMake_64/share/cmake-3.30/Modules/Compiler/Compaq-CXX-DetermineCompiler.cmake",
		"C:/Qt/Tools/CMake_64/share/cmake-3.30/Modules/Compiler/Cray-DetermineCompiler.cmake",
		"C:/Qt/Tools/CMake_64/share/cmake-3.30/Modules/Compiler/CrayClang-DetermineCompiler.cmake",
		"C:/Qt/Tools/CMake_64/share/cmake-3.30/Modules/Compiler/Embarcadero-DetermineCompiler.cmake",
		"C:/Qt/Tools/CMake_64/share/cmake-3.30/Modules/Compiler/Fujitsu-DetermineCompiler.cmake",
		"C:/Qt/Tools/CMake_64/share/cmake-3.30/Modules/Compiler/FujitsuClang-DetermineCompiler.cmake",
		"C:/Qt/Tools/CMake_64/share/cmake-3.30/Modules/Compiler/GHS-DetermineCompiler.cmake",
		"C:/Qt/Tools/CMake_64/share/cmake-3.30/Modules/Compiler/GNU-CXX-DetermineCompiler.cmake",
		"C:/Qt/Tools/CMake_64/share/cmake-3.30/Modules/Compiler/HP-CXX-DetermineCompiler.cmake",
		"C:/Qt/Tools/CMake_64/share/cmake-3.30/Modules/Compiler/IAR-DetermineCompiler.cmake",
		"C:/Qt/Tools/CMake_64/share/cmake-3.30/Modules/Compiler/IBMClang-CXX-DetermineCompiler.cmake",
		"C:/Qt/Tools/CMake_64/share/cmake-3.30/Modules/Compiler/Intel-DetermineCompiler.cmake",
		"C:/Qt/Tools/CMake_64/share/cmake-3.30/Modules/Compiler/IntelLLVM-DetermineCompiler.cmake",
		"C:/Qt/Tools/CMake_64/share/cmake-3.30/Modules/Compiler/LCC-CXX-DetermineCompiler.cmake",
		"C:/Qt/Tools/CMake_64/share/cmake-3.30/Modules/Compiler/MSVC-DetermineCompiler.cmake",
		"C:/Qt/Tools/CMake_64/share/cmake-3.30/Modules/Compiler/NVHPC-DetermineCompiler.cmake",
		"C:/Qt/Tools/CMake_64/share/cmake-3.30/Modules/Compiler/NVIDIA-DetermineCompiler.cmake",
		"C:/Qt/Tools/CMake_64/share/cmake-3.30/Modules/Compiler/OpenWatcom-DetermineCompiler.cmake",
		"C:/Qt/Tools/CMake_64/share/cmake-3.30/Modules/Compiler/OrangeC-DetermineCompiler.cmake",
		"C:/Qt/Tools/CMake_64/share/cmake-3.30/Modules/Compiler/PGI-DetermineCompiler.cmake",
		"C:/Qt/Tools/CMake_64/share/cmake-3.30/Modules/Compiler/PathScale-DetermineCompiler.cmake",
		"C:/Qt/Tools/CMake_64/share/cmake-3.30/Modules/Compiler/SCO-DetermineCompiler.cmake",
		"C:/Qt/Tools/CMake_64/share/cmake-3.30/Modules/Compiler/SunPro-CXX-DetermineCompiler.cmake",
		"C:/Qt/Tools/CMake_64/share/cmake-3.30/Modules/Compiler/TI-DetermineCompiler.cmake",
		"C:/Qt/Tools/CMake_64/share/cmake-3.30/Modules/Compiler/TIClang-DetermineCompiler.cmake",
		"C:/Qt/Tools/CMake_64/share/cmake-3.30/Modules/Compiler/Tasking-DetermineCompiler.cmake",
		"C:/Qt/Tools/CMake_64/share/cmake-3.30/Modules/Compiler/VisualAge-CXX-DetermineCompiler.cmake",
		"C:/Qt/Tools/CMake_64/share/cmake-3.30/Modules/Compiler/IBMCPP-CXX-DetermineVersionInternal.cmake",
		"C:/Qt/Tools/CMake_64/share/cmake-3.30/Modules/Compiler/Watcom-DetermineCompiler.cmake",
		"C:/Qt/Tools/CMake_64/share/cmake-3.30/Modules/Compiler/XL-CXX-DetermineCompiler.cmake",
		"C:/Qt/Tools/CMake_64/share/cmake-3.30/Modules/Compiler/IBMCPP-CXX-DetermineVersionInternal.cmake",
		"C:/Qt/Tools/CMake_64/share/cmake-3.30/Modules/Compiler/XLClang-CXX-DetermineCompiler.cmake",
		"C:/Qt/Tools/CMake_64/share/cmake-3.30/Modules/Compiler/zOS-CXX-DetermineCompiler.cmake",
		"C:/Qt/Tools/CMake_64/share/cmake-3.30/Modules/Compiler/IBMCPP-CXX-DetermineVersionInternal.cmake",
		"C:/Qt/Tools/CMake_64/share/cmake-3.30/Modules/CMakeFindBinUtils.cmake",
		"C:/Qt/Tools/CMake_64/share/cmake-3.30/Modules/CMakeCXXCompiler.cmake.in",
		"C:/QT_Program/PhotoShop-Lite/build/Desktop_Qt_6_10_0_MSVC2022_64bit-Release/CMakeFiles/3.30.5/CMakeCXXCompiler.cmake",
		"C:/Qt/Tools/CMake_64/share/cmake-3.30/Modules/CMakeSystemSpecificInformation.cmake",
		"C:/Qt/Tools/CMake_64/share/cmake-3.30/Modules/CMakeGenericSystem.cmake",
		"C:/Qt/Tools/CMake_64/share/cmake-3.30/Modules/CMakeInitializeConfigs.cmake",
		"C:/Qt/Tools/CMake_64/share/cmake-3.30/Modules/Platform/Windows.cmake",
		"C:/Qt/Tools/CMake_64/share/cmake-3.30/Modules/Platform/WindowsPaths.cmake",
		"C:/Qt/Tools/CMake_64/share/cmake-3.30/Modules/CMakeCXXInformation.cmake",
		"C:/Qt/Tools/CMake_64/share/cmake-3.30/Modules/CMakeLanguageInformation.cmake",
		"C:/Qt/Tools/CMake_64/share/cmake-3.30/Modules/Compiler/MSVC-CXX.cmake",
		"C:/Qt/Tools/CMake_64/share/cmake-3.30/Modules/Compiler/MSVC.cmake",
		"C:/Qt/Tools/CMake_64/share/cmake-3.30/Modules/Compiler/CMakeCommonCompilerMacros.cmake",
		"C:/Qt/Tools/CMake_64/share/cmake-3.30/Modules/Platform/Windows-MSVC-CXX.cmake",
		"C:/Qt/Tools/CMake_64/share/cmake-3.30/Modules/Platform/Windows-MSVC.cmake",
		"C:/Qt/Tools/CMake_64/share/cmake-3.30/Modules/CMakeDetermineRCCompiler.cmake",
		"C:/Qt/Tools/CMake_64/share/cmake-3.30/Modules/CMakeRCCompiler.cmake.in",
		"C:/QT_Program/PhotoShop-Lite/build/Desktop_Qt_6_10_0_MSVC2022_64bit-Release/CMakeFiles/3.30.5/CMakeRCCompiler.cmake",
		"C:/Qt/Tools/CMake_64/share/cmake-3.30/Modules/CMakeRCInformation.cmake",
		"C:/Qt/Tools/CMake_64/share/cmake-3.30/Modules/CMakeTestRCCompiler.cmake",
		"C:/Qt/Tools/CMake_64/share/cmake-3.30/Modules/CMakeCommonLanguageInclude.cmake",
		"C:/Qt/Tools/CMake_64/share/cmake-3.30/Modules/CMakeTestCXXCompiler.cmake",
		"C:/Qt/Tools/CMake_64/share/cmake-3.30/Modules/CMakeTestCompilerCommon.cmake",
		"C:/Qt/Tools/CMake_64/share/cmake-3.30/Modules/CMakeDetermineCompilerABI.cmake",
		"C:/Qt/Tools/CMake_64/share/cmake-3.30/Modules/Internal/CMakeDetermineLinkerId.cmake",
		"C:/Qt/Tools/CMake_64/share/cmake-3.30/Modules/CMakeParseImplicitIncludeInfo.cmake",
		"C:/Qt/Tools/CMake_64/share/cmake-3.30/Modules/CMakeParseImplicitLinkInfo.cmake",
		"C:/Qt/Tools/CMake_64/share/cmake-3.30/Modules/CMakeParseLibraryArchitecture.cmake",
		"C:/Qt/Tools/CMake_64/share/cmake-3.30/Modules/CMakeTestCompilerCommon.cmake",
		"C:/Qt/Tools/CMake_64/share/cmake-3.30/Modules/CMakeCXXCompilerABI.cpp",
		"C:/Qt/Tools/CMake_64/share/cmake-3.30/Modules/CMakeDetermineCompilerSupport.cmake",
		"C:/Qt/Tools/CMake_64/share/cmake-3.30/Modules/Internal/FeatureTesting.cmake",
		"C:/Qt/Tools/CMake_64/share/cmake-3.30/Modules/Compiler/MSVC-CXX-CXXImportStd.cmake",
		"C:/Qt/Tools/CMake_64/share/cmake-3.30/Modules/CMakeCXXCompiler.cmake.in",
		"C:/QT_Program/PhotoShop-Lite/build/Desktop_Qt_6_10_0_MSVC2022_64bit-Release/CMakeFiles/3.30.5/CMakeCXXCompiler.cmake",
		"C:/Qt/6.10.0/msvc2022_64/lib/cmake/Qt6/Qt6ConfigVersion.cmake",
		"C:/Qt/6.10.0/msvc2022_64/lib/cmake/Qt6/Qt6ConfigVersionImpl.cmake",
		"C:/Qt/6.10.0/msvc2022_64/lib/cmake/Qt6/Qt6Config.cmake",
		"C:/Qt/6.10.0/msvc2022_64/lib/cmake/Qt6/Qt6ConfigExtras.cmake",
		"C:/Qt/6.10.0/msvc2022_64/lib/cmake/Qt6/QtPublicCMakeVersionHelpers.cmake",
		"C:/Qt/6.10.0/msvc2022_64/lib/cmake/Qt6/QtPublicCMakeHelpers.cmake",
		"C:/Qt/6.10.0/msvc2022_64/lib/cmake/Qt6/QtInstallPaths.cmake",
		"C:/Qt/6.10.0/msvc2022_64/lib/cmake/Qt6/Qt6Targets.cmake",
		"C:/Qt/6.10.0/msvc2022_64/lib/cmake/Qt6/Qt6VersionlessAliasTargets.cmake",
		"C:/Qt/6.10.0/msvc2022_64/lib/cmake/Qt6/QtFeature.cmake",
		"C:/Qt/Tools/CMake_64/share/cmake-3.30/Modules/CheckCXXCompilerFlag.cmake",
		"C:/Qt/Tools/CMake_64/share/cmake-3.30/Modules/Internal/CheckCompilerFlag.cmake",
		"C:/Qt/Tools/CMake_64/share/cmake-3.30/Modules/Internal/CheckFlagCommonConfig.cmake",
		"C:/Qt/Tools/CMake_64/share/cmake-3.30/Modules/Internal/CheckSourceCompiles.cmake",
		"C:/Qt/Tools/CMake_64/share/cmake-3.30/Modules/CMakeCheckCompilerFlagCommonPatterns.cmake",
		"C:/Qt/Tools/CMake_64/share/cmake-3.30/Modules/CheckCXXSourceCompiles.cmake",
		"C:/Qt/Tools/CMake_64/share/cmake-3.30/Modules/Internal/CheckSourceCompiles.cmake",
		"C:/Qt/6.10.0/msvc2022_64/lib/cmake/Qt6/QtFeatureCommon.cmake",
		"C:/Qt/6.10.0/msvc2022_64/lib/cmake/Qt6/QtPublicAndroidHelpers.cmake",
		"C:/Qt/6.10.0/msvc2022_64/lib/cmake/Qt6/QtPublicAppleHelpers.cmake",
		"C:/Qt/6.10.0/msvc2022_64/lib/cmake/Qt6/QtPublicCMakeHelpers.cmake",
		"C:/Qt/6.10.0/msvc2022_64/lib/cmake/Qt6/QtPublicCMakeVersionHelpers.cmake",
		"C:/Qt/6.10.0/msvc2022_64/lib/cmake/Qt6/QtPublicDependencyHelpers.cmake",
		"C:/Qt/6.10.0/msvc2022_64/lib/cmake/Qt6/QtPublicExternalProjectHelpers.cmake",
		"C:/Qt/6.10.0/msvc2022_64/lib/cmake/Qt6/QtPublicFinalizerHelpers.cmake",
		"C:/Qt/6.10.0/msvc2022_64/lib/cmake/Qt6/QtPublicFindPackageHelpers.cmake",
		"C:/Qt/6.10.0/msvc2022_64/lib/cmake/Qt6/QtPublicGitHelpers.cmake",
		"C:/Qt/6.10.0/msvc2022_64/lib/cmake/Qt6/QtPublicPluginHelpers.cmake",
		"C:/Qt/6.10.0/msvc2022_64/lib/cmake/Qt6/QtPublicPluginHelpers_v2.cmake",
		"C:/Qt/6.10.0/msvc2022_64/lib/cmake/Qt6/QtPublicSbomAttributionHelpers.cmake",
		"C:/Qt/6.10.0/msvc2022_64/lib/cmake/Qt6/QtPublicSbomCpeHelpers.cmake",
		"C:/Qt/6.10.0/msvc2022_64/lib/cmake/Qt6/QtPublicSbomDepHelpers.cmake",
		"C:/Qt/6.10.0/msvc2022_64/lib/cmake/Qt6/QtPublicSbomFileHelpers.cmake",
		"C:/Qt/6.10.0/msvc2022_64/lib/cmake/Qt6/QtPublicSbomGenerationHelpers.cmake",
		"C:/Qt/6.10.0/msvc2022_64/lib/cmake/Qt6/QtPublicSbomHelpers.cmake",
		"C:/Qt/6.10.0/msvc2022_64/lib/cmake/Qt6/QtPublicSbomLicenseHelpers.cmake",
		"C:/Qt/6.10.0/msvc2022_64/lib/cmake/Qt6/QtPublicSbomOpsHelpers.cmake",
		"C:/Qt/6.10.0/msvc2022_64/lib/cmake/Qt6/QtPublicSbomPurlHelpers.cmake",
		"C:/Qt/6.10.0/msvc2022_64/lib/cmake/Qt6/QtPublicSbomPythonHelpers.cmake",
		"C:/Qt/6.10.0/msvc2022_64/lib/cmake/Qt6/QtPublicSbomQtEntityHelpers.cmake",
		"C:/Qt/6.10.0/msvc2022_64/lib/cmake/Qt6/QtPublicSbomSystemDepHelpers.cmake",
		"C:/Qt/6.10.0/msvc2022_64/lib/cmake/Qt6/QtPublicTargetHelpers.cmake",
		"C:/Qt/6.10.0/msvc2022_64/lib/cmake/Qt6/QtPublicTestHelpers.cmake",
		"C:/Qt/6.10.0/msvc2022_64/lib/cmake/Qt6/QtPublicToolHelpers.cmake",
		"C:/Qt/6.10.0/msvc2022_64/lib/cmake/Qt6/QtPublicWalkLibsHelpers.cmake",
		"C:/Qt/6.10.0/msvc2022_64/lib/cmake/Qt6/QtPublicWindowsHelpers.cmake",
		"C:/Qt/Tools/CMake_64/share/cmake-3.30/Modules/CMakeFindDependencyMacro.cmake",
		"C:/Qt/6.10.0/msvc2022_64/lib/cmake/Qt6/Qt6Dependencies.cmake",
		"C:/Qt/Tools/CMake_64/share/cmake-3.30/Modules/FindThreads.cmake",
		"C:/Qt/Tools/CMake_64/share/cmake-3.30/Modules/CheckLibraryExists.cmake",
		"C:/Qt/Tools/CMake_64/share/cmake-3.30/Modules/CheckIncludeFileCXX.cmake",
		"C:/Qt/Tools/CMake_64/share/cmake-3.30/Modules/CheckCXXSourceCompiles.cmake",
		"C:/Qt/Tools/CMake_64/share/cmake-3.30/Modules/FindPackageHandleStandardArgs.cmake",
		"C:/Qt/Tools/CMake_64/share/cmake-3.30/Modules/FindPackageMessage.cmake",
		"C:/Qt/6.10.0/msvc2022_64/lib/cmake/Qt6/Qt6ConfigVersion.cmake",
		"C:/Qt/6.10.0/msvc2022_64/lib/cmake/Qt6/Qt6ConfigVersionImpl.cmake",
		"C:/Qt/6.10.0/msvc2022_64/lib/cmake/Qt6/Qt6Config.cmake",
		"C:/Qt/6.10.0/msvc2022_64/lib/cmake/Qt6/Qt6ConfigExtras.cmake",
		"C:/Qt/6.10.0/msvc2022_64/lib/cmake/Qt6/QtPublicCMakeVersionHelpers.cmake",
		"C:/Qt/6.10.0/msvc2022_64/lib/cmake/Qt6/QtPublicCMakeHelpers.cmake",
		"C:/Qt/6.10.0/msvc2022_64/lib/cmake/Qt6/QtInstallPaths.cmake",
		"C:/Qt/6.10.0/msvc2022_64/lib/cmake/Qt6/Qt6Targets.cmake",
		"C:/Qt/6.10.0/msvc2022_64/lib/cmake/Qt6/Qt6VersionlessAliasTargets.cmake",
		"C:/Qt/6.10.0/msvc2022_64/lib/cmake/Qt6/QtFeature.cmake",
		"C:/Qt/Tools/CMake_64/share/cmake-3.30/Modules/CheckCXXCompilerFlag.cmake",
		"C:/Qt/6.10.0/msvc2022_64/lib/cmake/Qt6/QtFeatureCommon.cmake",
		"C:/Qt/6.10.0/msvc2022_64/lib/cmake/Qt6/QtPublicAndroidHelpers.cmake",
		"C:/Qt/6.10.0/msvc2022_64/lib/cmake/Qt6/QtPublicAppleHelpers.cmake",
		"C:/Qt/6.10.0/msvc2022_64/lib/cmake/Qt6/QtPublicCMakeHelpers.cmake",
		"C:/Qt/6.10.0/msvc2022_64/lib/cmake/Qt6/QtPublicCMakeVersionHelpers.cmake",
		"C:/Qt/6.10.0/msvc2022_64/lib/cmake/Qt6/QtPublicDependencyHelpers.cmake",
		"C:/Qt/6.10.0/msvc2022_64/lib/cmake/Qt6/QtPublicExternalProjectHelpers.cmake",
		"C:/Qt/6.10.0/msvc2022_64/lib/cmake/Qt6/QtPublicFinalizerHelpers.cmake",
		"C:/Qt/6.10.0/msvc2022_64/lib/cmake/Qt6/QtPublicFindPackageHelpers.cmake",
		"C:/Qt/6.10.0/msvc2022_64/lib/cmake/Qt6/QtPublicGitHelpers.cmake",
		"C:/Qt/6.10.0/msvc2022_64/lib/cmake/Qt6/QtPublicPluginHelpers.cmake",
		"C:/Qt/6.10.0/msvc2022_64/lib/cmake/Qt6/QtPublicPluginHelpers_v2.cmake",
		"C:/Qt/6.10.0/msvc2022_64/lib/cmake/Qt6/QtPublicSbomAttributionHelpers.cmake",
		"C:/Qt/6.10.0/msvc2022_64/lib/cmake/Qt6/QtPublicSbomCpeHelpers.cmake",
		"C:/Qt/6.10.0/msvc2022_64/lib/cmake/Qt6/QtPublicSbomDepHelpers.cmake",
		"C:/Qt/6.10.0/msvc2022_64/lib/cmake/Qt6/QtPublicSbomFileHelpers.cmake",
		"C:/Qt/6.10.0/msvc2022_64/lib/cmake/Qt6/QtPublicSbomGenerationHelpers.cmake",
		"C:/Qt/6.10.0/msvc2022_64/lib/cmake/Qt6/QtPublicSbomHelpers.cmake",
		"C:/Qt/6.10.0/msvc2022_64/lib/cmake/Qt6/QtPublicSbomLicenseHelpers.cmake",
		"C:/Qt/6.10.0/msvc2022_64/lib/cmake/Qt6/QtPublicSbomOpsHelpers.cmake",
		"C:/Qt/6.10.0/msvc2022_64/lib/cmake/Qt6/QtPublicSbomPurlHelpers.cmake",
		"C:/Qt/6.10.0/msvc2022_64/lib/cmake/Qt6/QtPublicSbomPythonHelpers.cmake",
		"C:/Qt/6.10.0/msvc2022_64/lib/cmake/Qt6/QtPublicSbomQtEntityHelpers.cmake",
		"C:/Qt/6.10.0/msvc2022_64/lib/cmake/Qt6/QtPublicSbomSystemDepHelpers.cmake",
		"C:/Qt/6.10.0/msvc2022_64/lib/cmake/Qt6/QtPublicTargetHelpers.cmake",
		"C:/Qt/6.10.0/msvc2022_64/lib/cmake/Qt6/QtPublicTestHelpers.cmake",
		"C:/Qt/6.10.0/msvc2022_64/lib/cmake/Qt6/QtPublicToolHelpers.cmake",
		"C:/Qt/6.10.0/msvc2022_64/lib/cmake/Qt6/QtPublicWalkLibsHelpers.cmake",
		"C:/Qt/6.10.0/msvc2022_64/lib/cmake/Qt6/QtPublicWindowsHelpers.cmake",
		"C:/Qt/Tools/CMake_64/share/cmake-3.30/Modules/CMakeFindDependencyMacro.cmake",
		"C:/Qt/6.10.0/msvc2022_64/lib/cmake/Qt6/Qt6Dependencies.cmake",
		"C:/Qt/6.10.0/msvc2022_64/lib/cmake/Qt6Widgets/Qt6WidgetsConfigVersion.cmake",
		"C:/Qt/6.10.0/msvc2022_64/lib/cmake/Qt6Widgets/Qt6WidgetsConfigVersionImpl.cmake",
		"C:/Qt/6.10.0/msvc2022_64/lib/cmake/Qt6Widgets/Qt6WidgetsConfig.cmake",
		"C:/Qt/Tools/CMake_64/share/cmake-3.30/Modules/CMakeFindDependencyMacro.cmake",
		"C:/Qt/6.10.0/msvc2022_64/lib/cmake/Qt6Widgets/Qt6WidgetsDependencies.cmake",
		"C:/Qt/6.10.0/msvc2022_64/lib/cmake/Qt6WidgetsTools/Qt6WidgetsToolsConfigVersion.cmake",
		"C:/Qt/6.10.0/msvc2022_64/lib/cmake/Qt6WidgetsTools/Qt6WidgetsToolsConfigVersionImpl.cmake",
		"C:/Qt/6.10.0/msvc2022_64/lib/cmake/Qt6WidgetsTools/Qt6WidgetsToolsConfig.cmake",
		"C:/Qt/Tools/CMake_64/share/cmake-3.30/Modules/CMakeFindDependencyMacro.cmake",
		"C:/Qt/6.10.0/msvc2022_64/lib/cmake/Qt6WidgetsTools/Qt6WidgetsToolsDependencies.cmake",
		"C:/Qt/6.10.0/msvc2022_64/lib/cmake/Qt6CoreTools/Qt6CoreToolsConfigVersion.cmake",
		"C:/Qt/6.10.0/msvc2022_64/lib/cmake/Qt6CoreTools/Qt6CoreToolsConfigVersionImpl.cmake",
		"C:/Qt/6.10.0/msvc2022_64/lib/cmake/Qt6CoreTools/Qt6CoreToolsConfig.cmake",
		"C:/Qt/Tools/CMake_64/share/cmake-3.30/Modules/CMakeFindDependencyMacro.cmake",
		"C:/Qt/6.10.0/msvc2022_64/lib/cmake/Qt6CoreTools/Qt6CoreToolsDependencies.cmake",
		"C:/Qt/6.10.0/msvc2022_64/lib/cmake/Qt6CoreTools/Qt6CoreToolsTargets.cmake",
		"C:/Qt/6.10.0/msvc2022_64/lib/cmake/Qt6CoreTools/Qt6CoreToolsTargets-debug.cmake",
		"C:/Qt/6.10.0/msvc2022_64/lib/cmake/Qt6CoreTools/Qt6CoreToolsTargets-relwithdebinfo.cmake",
		"C:/Qt/6.10.0/msvc2022_64/lib/cmake/Qt6CoreTools/Qt6CoreToolsAdditionalTargetInfo.cmake",
		"C:/Qt/6.10.0/msvc2022_64/lib/cmake/Qt6CoreTools/Qt6CoreToolsVersionlessTargets.cmake",
		"C:/Qt/6.10.0/msvc2022_64/lib/cmake/Qt6GuiTools/Qt6GuiToolsConfigVersion.cmake",
		"C:/Qt/6.10.0/msvc2022_64/lib/cmake/Qt6GuiTools/Qt6GuiToolsConfigVersionImpl.cmake",
		"C:/Qt/6.10.0/msvc2022_64/lib/cmake/Qt6GuiTools/Qt6GuiToolsConfig.cmake",
		"C:/Qt/Tools/CMake_64/share/cmake-3.30/Modules/CMakeFindDependencyMacro.cmake",
		"C:/Qt/6.10.0/msvc2022_64/lib/cmake/Qt6GuiTools/Qt6GuiToolsDependencies.cmake",
		"C:/Qt/6.10.0/msvc2022_64/lib/cmake/Qt6CoreTools/Qt6CoreToolsConfigVersion.cmake",
		"C:/Qt/6.10.0/msvc2022_64/lib/cmake/Qt6CoreTools/Qt6CoreToolsConfigVersionImpl.cmake",
		"C:/Qt/6.10.0/msvc2022_64/lib/cmake/Qt6CoreTools/Qt6CoreToolsConfig.cmake",
		"C:/Qt/Tools/CMake_64/share/cmake-3.30/Modules/CMakeFindDependencyMacro.cmake",
		"C:/Qt/6.10.0/msvc2022_64/lib/cmake/Qt6CoreTools/Qt6CoreToolsDependencies.cmake",
		"C:/Qt/6.10.0/msvc2022_64/lib/cmake/Qt6CoreTools/Qt6CoreToolsTargets.cmake",
		"C:/Qt/6.10.0/msvc2022_64/lib/cmake/Qt6CoreTools/Qt6CoreToolsAdditionalTargetInfo.cmake",
		"C:/Qt/6.10.0/msvc2022_64/lib/cmake/Qt6CoreTools/Qt6CoreToolsVersionlessTargets.cmake",
		"C:/Qt/6.10.0/msvc2022_64/lib/cmake/Qt6GuiTools/Qt6GuiToolsTargets.cmake",
		"C:/Qt/6.10.0/msvc2022_64/lib/cmake/Qt6GuiTools/Qt6GuiToolsTargets-debug.cmake",
		"C:/Qt/6.10.0/msvc2022_64/lib/cmake/Qt6GuiTools/Qt6GuiToolsTargets-relwithdebinfo.cmake",
		"C:/Qt/6.10.0/msvc2022_64/lib/cmake/Qt6GuiTools/Qt6GuiToolsAdditionalTargetInfo.cmake",
		"C:/Qt/6.10.0/msvc2022_64/lib/cmake/Qt6GuiTools/Qt6GuiToolsVersionlessTargets.cmake",
		"C:/Qt/6.10.0/msvc2022_64/lib/cmake/Qt6WidgetsTools/Qt6WidgetsToolsTargets.cmake",
		"C:/Qt/6.10.0/msvc2022_64/lib/cmake/Qt6WidgetsTools/Qt6WidgetsToolsTargets-debug.cmake",
		"C:/Qt/6.10.0/msvc2022_64/lib/cmake/Qt6WidgetsTools/Qt6WidgetsToolsTargets-relwithdebinfo.cmake",
		"C:/Qt/6.10.0/msvc2022_64/lib/cmake/Qt6WidgetsTools/Qt6WidgetsToolsAdditionalTargetInfo.cmake",
		"C:/Qt/6.10.0/msvc2022_64/lib/cmake/Qt6WidgetsTools/Qt6WidgetsToolsVersionlessTargets.cmake",
		"C:/Qt/6.10.0/msvc2022_64/lib/cmake/Qt6Core/Qt6CoreConfigVersion.cmake",
		"C:/Qt/6.10.0/msvc2022_64/lib/cmake/Qt6Core/Qt6CoreConfigVersionImpl.cmake",
		"C:/Qt/6.10.0/msvc2022_64/lib/cmake/Qt6Core/Qt6CoreConfig.cmake",
		"C:/Qt/Tools/CMake_64/share/cmake-3.30/Modules/CMakeFindDependencyMacro.cmake",
		"C:/Qt/6.10.0/msvc2022_64/lib/cmake/Qt6Core/Qt6CoreDependencies.cmake",
		"C:/Qt/6.10.0/msvc2022_64/lib/cmake/Qt6/FindWrapAtomic.cmake",
		"C:/Qt/Tools/CMake_64/share/cmake-3.30/Modules/CheckCXXSourceCompiles.cmake",
		"C:/Qt/Tools/CMake_64/share/cmake-3.30/Modules/FindPackageHandleStandardArgs.cmake",
		"C:/Qt/Tools/CMake_64/share/cmake-3.30/Modules/FindPackageMessage.cmake",
		"C:/Qt/6.10.0/msvc2022_64/lib/cmake/Qt6CoreTools/Qt6CoreToolsConfigVersion.cmake",
		"C:/Qt/6.10.0/msvc2022_64/lib/cmake/Qt6CoreTools/Qt6CoreToolsConfigVersionImpl.cmake",
		"C:/Qt/6.10.0/msvc2022_64/lib/cmake/Qt6CoreTools/Qt6CoreToolsConfig.cmake",
		"C:/Qt/Tools/CMake_64/share/cmake-3.30/Modules/CMakeFindDependencyMacro.cmake",
		"C:/Qt/6.10.0/msvc2022_64/lib/cmake/Qt6CoreTools/Qt6CoreToolsDependencies.cmake",
		"C:/Qt/6.10.0/msvc2022_64/lib/cmake/Qt6CoreTools/Qt6CoreToolsTargets.cmake",
		"C:/Qt/6.10.0/msvc2022_64/lib/cmake/Qt6CoreTools/Qt6CoreToolsAdditionalTargetInfo.cmake",
		"C:/Qt/6.10.0/msvc2022_64/lib/cmake/Qt6CoreTools/Qt6CoreToolsVersionlessTargets.cmake",
		"C:/Qt/6.10.0/msvc2022_64/lib/cmake/Qt6ZlibPrivate/Qt6ZlibPrivateConfigVersion.cmake",
		"C:/Qt/6.10.0/msvc2022_64/lib/cmake/Qt6ZlibPrivate/Qt6ZlibPrivateConfigVersionImpl.cmake",
		"C:/Qt/6.10.0/msvc2022_64/lib/cmake/Qt6ZlibPrivate/Qt6ZlibPrivateConfig.cmake",
		"C:/Qt/Tools/CMake_64/share/cmake-3.30/Modules/CMakeFindDependencyMacro.cmake",
		"C:/Qt/6.10.0/msvc2022_64/lib/cmake/Qt6ZlibPrivate/Qt6ZlibPrivateTargets.cmake",
		"C:/Qt/6.10.0/msvc2022_64/lib/cmake/Qt6ZlibPrivate/Qt6ZlibPrivateAdditionalTargetInfo.cmake",
		"C:/Qt/6.10.0/msvc2022_64/lib/cmake/Qt6ZlibPrivate/Qt6ZlibPrivateVersionlessAliasTargets.cmake",
		"C:/Qt/6.10.0/msvc2022_64/lib/cmake/Qt6EntryPointPrivate/Qt6EntryPointPrivateConfigVersion.cmake",
		"C:/Qt/6.10.0/msvc2022_64/lib/cmake/Qt6EntryPointPrivate/Qt6EntryPointPrivateConfigVersionImpl.cmake",
		"C:/Qt/6.10.0/msvc2022_64/lib/cmake/Qt6EntryPointPrivate/Qt6EntryPointPrivateConfig.cmake",
		"C:/Qt/Tools/CMake_64/share/cmake-3.30/Modules/CMakeFindDependencyMacro.cmake",
		"C:/Qt/6.10.0/msvc2022_64/lib/cmake/Qt6EntryPointPrivate/Qt6EntryPointPrivateTargets.cmake",
		"C:/Qt/6.10.0/msvc2022_64/lib/cmake/Qt6EntryPointPrivate/Qt6EntryPointPrivateTargets-debug.cmake",
		"C:/Qt/6.10.0/msvc2022_64/lib/cmake/Qt6EntryPointPrivate/Qt6EntryPointPrivateTargets-relwithdebinfo.cmake",
		"C:/Qt/6.10.0/msvc2022_64/lib/cmake/Qt6EntryPointPrivate/Qt6EntryPointPrivateAdditionalTargetInfo.cmake",
		"C:/Qt/6.10.0/msvc2022_64/lib/cmake/Qt6EntryPointPrivate/Qt6EntryPointPrivateVersionlessAliasTargets.cmake",
		"C:/Qt/6.10.0/msvc2022_64/lib/cmake/Qt6Core/Qt6CoreTargets.cmake",
		"C:/Qt/6.10.0/msvc2022_64/lib/cmake/Qt6Core/Qt6CoreTargets-debug.cmake",
		"C:/Qt/6.10.0/msvc2022_64/lib/cmake/Qt6Core/Qt6CoreTargets-relwithdebinfo.cmake",
		"C:/Qt/6.10.0/msvc2022_64/lib/cmake/Qt6Core/Qt6CoreAdditionalTargetInfo.cmake",
		"C:/Qt/6.10.0/msvc2022_64/lib/cmake/Qt6Core/Qt6CoreMacros.cmake",
		"C:/Qt/6.10.0/msvc2022_64/lib/cmake/Qt6Core/Qt6CoreConfigExtras.cmake",
		"C:/Qt/Tools/CMake_64/share/cmake-3.30/Modules/GNUInstallDirs.cmake",
		"C:/Qt/6.10.0/msvc2022_64/lib/cmake/Qt6Core/Qt6CoreVersionlessAliasTargets.cmake",
		"C:/Qt/6.10.0/msvc2022_64/lib/cmake/Qt6Gui/Qt6GuiConfigVersion.cmake",
		"C:/Qt/6.10.0/msvc2022_64/lib/cmake/Qt6Gui/Qt6GuiConfigVersionImpl.cmake",
		"C:/Qt/6.10.0/msvc2022_64/lib/cmake/Qt6Gui/Qt6GuiConfig.cmake",
		"C:/Qt/Tools/CMake_64/share/cmake-3.30/Modules/CMakeFindDependencyMacro.cmake",
		"C:/Qt/6.10.0/msvc2022_64/lib/cmake/Qt6Gui/Qt6GuiDependencies.cmake",
		"C:/Qt/6.10.0/msvc2022_64/lib/cmake/Qt6/FindWrapVulkanHeaders.cmake",
		"C:/Qt/Tools/CMake_64/share/cmake-3.30/Modules/FindVulkan.cmake",
		"C:/Qt/Tools/CMake_64/share/cmake-3.30/Modules/FindPackageHandleStandardArgs.cmake",
		"C:/Qt/Tools/CMake_64/share/cmake-3.30/Modules/FindPackageMessage.cmake",
		"C:/Qt/Tools/CMake_64/share/cmake-3.30/Modules/FindPackageHandleStandardArgs.cmake",
		"C:/Qt/Tools/CMake_64/share/cmake-3.30/Modules/FindPackageMessage.cmake",
		"C:/Qt/6.10.0/msvc2022_64/lib/cmake/Qt6GuiTools/Qt6GuiToolsConfigVersion.cmake",
		"C:/Qt/6.10.0/msvc2022_64/lib/cmake/Qt6GuiTools/Qt6GuiToolsConfigVersionImpl.cmake",
		"C:/Qt/6.10.0/msvc2022_64/lib/cmake/Qt6GuiTools/Qt6GuiToolsConfig.cmake",
		"C:/Qt/Tools/CMake_64/share/cmake-3.30/Modules/CMakeFindDependencyMacro.cmake",
		"C:/Qt/6.10.0/msvc2022_64/lib/cmake/Qt6GuiTools/Qt6GuiToolsDependencies.cmake",
		"C:/Qt/6.10.0/msvc2022_64/lib/cmake/Qt6CoreTools/Qt6CoreToolsConfigVersion.cmake",
		"C:/Qt/6.10.0/msvc2022_64/lib/cmake/Qt6CoreTools/Qt6CoreToolsConfigVersionImpl.cmake",
		"C:/Qt/6.10.0/msvc2022_64/lib/cmake/Qt6CoreTools/Qt6CoreToolsConfig.cmake",
		"C:/Qt/Tools/CMake_64/share/cmake-3.30/Modules/CMakeFindDependencyMacro.cmake",
		"C:/Qt/6.10.0/msvc2022_64/lib/cmake/Qt6CoreTools/Qt6CoreToolsDependencies.cmake",
		"C:/Qt/6.10.0/msvc2022_64/lib/cmake/Qt6CoreTools/Qt6CoreToolsTargets.cmake",
		"C:/Qt/6.10.0/msvc2022_64/lib/cmake/Qt6CoreTools/Qt6CoreToolsAdditionalTargetInfo.cmake",
		"C:/Qt/6.10.0/msvc2022_64/lib/cmake/Qt6CoreTools/Qt6CoreToolsVersionlessTargets.cmake",
		"C:/Qt/6.10.0/msvc2022_64/lib/cmake/Qt6GuiTools/Qt6GuiToolsTargets.cmake",
		"C:/Qt/6.10.0/msvc2022_64/lib/cmake/Qt6GuiTools/Qt6GuiToolsAdditionalTargetInfo.cmake",
		"C:/Qt/6.10.0/msvc2022_64/lib/cmake/Qt6GuiTools/Qt6GuiToolsVersionlessTargets.cmake",
		"C:/Qt/6.10.0/msvc2022_64/lib/cmake/Qt6Gui/Qt6GuiTargets.cmake",
		"C:/Qt/6.10.0/msvc2022_64/lib/cmake/Qt6Gui/Qt6GuiTargets-debug.cmake",
		"C:/Qt/6.10.0/msvc2022_64/lib/cmake/Qt6Gui/Qt6GuiTargets-relwithdebinfo.cmake",
		"C:/Qt/6.10.0/msvc2022_64/lib/cmake/Qt6Gui/Qt6GuiAdditionalTargetInfo.cmake",
		"C:/Qt/6.10.0/msvc2022_64/lib/cmake/Qt6Gui/Qt6GuiPlugins.cmake",
		"C:/Qt/6.10.0/msvc2022_64/lib/cmake/Qt6Gui/Qt6QGifPluginConfig.cmake",
		"C:/Qt/Tools/CMake_64/share/cmake-3.30/Modules/CMakeFindDependencyMacro.cmake",
		"C:/Qt/6.10.0/msvc2022_64/lib/cmake/Qt6Gui/Qt6QGifPluginTargets.cmake",
		"C:/Qt/6.10.0/msvc2022_64/lib/cmake/Qt6Gui/Qt6QGifPluginTargets-debug.cmake",
		"C:/Qt/6.10.0/msvc2022_64/lib/cmake/Qt6Gui/Qt6QGifPluginTargets-relwithdebinfo.cmake",
		"C:/Qt/6.10.0/msvc2022_64/lib/cmake/Qt6Gui/Qt6QGifPluginAdditionalTargetInfo.cmake",
		"C:/Qt/6.10.0/msvc2022_64/lib/cmake/Qt6Gui/Qt6QICOPluginConfig.cmake",
		"C:/Qt/Tools/CMake_64/share/cmake-3.30/Modules/CMakeFindDependencyMacro.cmake",
		"C:/Qt/6.10.0/msvc2022_64/lib/cmake/Qt6Gui/Qt6QICOPluginTargets.cmake",
		"C:/Qt/6.10.0/msvc2022_64/lib/cmake/Qt6Gui/Qt6QICOPluginTargets-debug.cmake",
		"C:/Qt/6.10.0/msvc2022_64/lib/cmake/Qt6Gui/Qt6QICOPluginTargets-relwithdebinfo.cmake",
		"C:/Qt/6.10.0/msvc2022_64/lib/cmake/Qt6Gui/Qt6QICOPluginAdditionalTargetInfo.cmake",
		"C:/Qt/6.10.0/msvc2022_64/lib/cmake/Qt6Gui/Qt6QJpegPluginConfig.cmake",
		"C:/Qt/Tools/CMake_64/share/cmake-3.30/Modules/CMakeFindDependencyMacro.cmake",
		"C:/Qt/6.10.0/msvc2022_64/lib/cmake/Qt6Gui/Qt6QJpegPluginTargets.cmake",
		"C:/Qt/6.10.0/msvc2022_64/lib/cmake/Qt6Gui/Qt6QJpegPluginTargets-debug.cmake",
		"C:/Qt/6.10.0/msvc2022_64/lib/cmake/Qt6Gui/Qt6QJpegPluginTargets-relwithdebinfo.cmake",
		"C:/Qt/6.10.0/msvc2022_64/lib/cmake/Qt6Gui/Qt6QJpegPluginAdditionalTargetInfo.cmake",
		"C:/Qt/6.10.0/msvc2022_64/lib/cmake/Qt6Gui/Qt6QMinimalIntegrationPluginConfig.cmake",
		"C:/Qt/Tools/CMake_64/share/cmake-3.30/Modules/CMakeFindDependencyMacro.cmake",
		"C:/Qt/6.10.0/msvc2022_64/lib/cmake/Qt6Gui/Qt6QMinimalIntegrationPluginTargets.cmake",
		"C:/Qt/6.10.0/msvc2022_64/lib/cmake/Qt6Gui/Qt6QMinimalIntegrationPluginTargets-debug.cmake",
		"C:/Qt/6.10.0/msvc2022_64/lib/cmake/Qt6Gui/Qt6QMinimalIntegrationPluginTargets-relwithdebinfo.cmake",
		"C:/Qt/6.10.0/msvc2022_64/lib/cmake/Qt6Gui/Qt6QMinimalIntegrationPluginAdditionalTargetInfo.cmake",
		"C:/Qt/6.10.0/msvc2022_64/lib/cmake/Qt6Gui/Qt6QOffscreenIntegrationPluginConfig.cmake",
		"C:/Qt/Tools/CMake_64/share/cmake-3.30/Modules/CMakeFindDependencyMacro.cmake",
		"C:/Qt/6.10.0/msvc2022_64/lib/cmake/Qt6Gui/Qt6QOffscreenIntegrationPluginTargets.cmake",
		"C:/Qt/6.10.0/msvc2022_64/lib/cmake/Qt6Gui/Qt6QOffscreenIntegrationPluginTargets-debug.cmake",
		"C:/Qt/6.10.0/msvc2022_64/lib/cmake/Qt6Gui/Qt6QOffscreenIntegrationPluginTargets-relwithdebinfo.cmake",
		"C:/Qt/6.10.0/msvc2022_64/lib/cmake/Qt6Gui/Qt6QOffscreenIntegrationPluginAdditionalTargetInfo.cmake",
		"C:/Qt/6.10.0/msvc2022_64/lib/cmake/Qt6Gui/Qt6QSvgIconPluginConfig.cmake",
		"C:/Qt/Tools/CMake_64/share/cmake-3.30/Modules/CMakeFindDependencyMacro.cmake",
		"C:/Qt/6.10.0/msvc2022_64/lib/cmake/Qt6Gui/Qt6QSvgIconPluginTargets.cmake",
		"C:/Qt/6.10.0/msvc2022_64/lib/cmake/Qt6Gui/Qt6QSvgIconPluginTargets-debug.cmake",
		"C:/Qt/6.10.0/msvc2022_64/lib/cmake/Qt6Gui/Qt6QSvgIconPluginTargets-relwithdebinfo.cmake",
		"C:/Qt/6.10.0/msvc2022_64/lib/cmake/Qt6Gui/Qt6QSvgIconPluginAdditionalTargetInfo.cmake",
		"C:/Qt/6.10.0/msvc2022_64/lib/cmake/Qt6Gui/Qt6QSvgPluginConfig.cmake",
		"C:/Qt/Tools/CMake_64/share/cmake-3.30/Modules/CMakeFindDependencyMacro.cmake",
		"C:/Qt/6.10.0/msvc2022_64/lib/cmake/Qt6Gui/Qt6QSvgPluginTargets.cmake",
		"C:/Qt/6.10.0/msvc2022_64/lib/cmake/Qt6Gui/Qt6QSvgPluginTargets-debug.cmake",
		"C:/Qt/6.10.0/msvc2022_64/lib/cmake/Qt6Gui/Qt6QSvgPluginTargets-relwithdebinfo.cmake",
		"C:/Qt/6.10.0/msvc2022_64/lib/cmake/Qt6Gui/Qt6QSvgPluginAdditionalTargetInfo.cmake",
		"C:/Qt/6.10.0/msvc2022_64/lib/cmake/Qt6Gui/Qt6QTuioTouchPluginConfig.cmake",
		"C:/Qt/Tools/CMake_64/share/cmake-3.30/Modules/CMakeFindDependencyMacro.cmake",
		"C:/Qt/6.10.0/msvc2022_64/lib/cmake/Qt6Gui/Qt6QTuioTouchPluginTargets.cmake",
		"C:/Qt/6.10.0/msvc2022_64/lib/cmake/Qt6Gui/Qt6QTuioTouchPluginTargets-debug.cmake",
		"C:/Qt/6.10.0/msvc2022_64/lib/cmake/Qt6Gui/Qt6QTuioTouchPluginTargets-relwithdebinfo.cmake",
		"C:/Qt/6.10.0/msvc2022_64/lib/cmake/Qt6Gui/Qt6QTuioTouchPluginAdditionalTargetInfo.cmake",
		"C:/Qt/6.10.0/msvc2022_64/lib/cmake/Qt6Gui/Qt6QWindowsDirect2DIntegrationPluginConfig.cmake",
		"C:/Qt/Tools/CMake_64/share/cmake-3.30/Modules/CMakeFindDependencyMacro.cmake",
		"C:/Qt/6.10.0/msvc2022_64/lib/cmake/Qt6Gui/Qt6QWindowsDirect2DIntegrationPluginTargets.cmake",
		"C:/Qt/6.10.0/msvc2022_64/lib/cmake/Qt6Gui/Qt6QWindowsDirect2DIntegrationPluginTargets-debug.cmake",
		"C:/Qt/6.10.0/msvc2022_64/lib/cmake/Qt6Gui/Qt6QWindowsDirect2DIntegrationPluginTargets-relwithdebinfo.cmake",
		"C:/Qt/6.10.0/msvc2022_64/lib/cmake/Qt6Gui/Qt6QWindowsDirect2DIntegrationPluginAdditionalTargetInfo.cmake",
		"C:/Qt/6.10.0/msvc2022_64/lib/cmake/Qt6Gui/Qt6QWindowsIntegrationPluginConfig.cmake",
		"C:/Qt/Tools/CMake_64/share/cmake-3.30/Modules/CMakeFindDependencyMacro.cmake",
		"C:/Qt/6.10.0/msvc2022_64/lib/cmake/Qt6Gui/Qt6QWindowsIntegrationPluginTargets.cmake",
		"C:/Qt/6.10.0/msvc2022_64/lib/cmake/Qt6Gui/Qt6QWindowsIntegrationPluginTargets-debug.cmake",
		"C:/Qt/6.10.0/msvc2022_64/lib/cmake/Qt6Gui/Qt6QWindowsIntegrationPluginTargets-relwithdebinfo.cmake",
		"C:/Qt/6.10.0/msvc2022_64/lib/cmake/Qt6Gui/Qt6QWindowsIntegrationPluginAdditionalTargetInfo.cmake",
		"C:/Qt/6.10.0/msvc2022_64/lib/cmake/Qt6Gui/Qt6GuiVersionlessAliasTargets.cmake",
		"C:/Qt/6.10.0/msvc2022_64/lib/cmake/Qt6Widgets/Qt6WidgetsTargets.cmake",
		"C:/Qt/6.10.0/msvc2022_64/lib/cmake/Qt6Widgets/Qt6WidgetsTargets-debug.cmake",
		"C:/Qt/6.10.0/msvc2022_64/lib/cmake/Qt6Widgets/Qt6WidgetsTargets-relwithdebinfo.cmake",
		"C:/Qt/6.10.0/msvc2022_64/lib/cmake/Qt6Widgets/Qt6WidgetsAdditionalTargetInfo.cmake",
		"C:/Qt/6.10.0/msvc2022_64/lib/cmake/Qt6Widgets/Qt6WidgetsMacros.cmake",
		"C:/Qt/6.10.0/msvc2022_64/lib/cmake/Qt6Widgets/Qt6WidgetsPlugins.cmake",
		"C:/Qt/6.10.0/msvc2022_64/lib/cmake/Qt6Widgets/Qt6QModernWindowsStylePluginConfig.cmake",
		"C:/Qt/Tools/CMake_64/share/cmake-3.30/Modules/CMakeFindDependencyMacro.cmake",
		"C:/Qt/6.10.0/msvc2022_64/lib/cmake/Qt6Widgets/Qt6QModernWindowsStylePluginTargets.cmake",
		"C:/Qt/6.10.0/msvc2022_64/lib/cmake/Qt6Widgets/Qt6QModernWindowsStylePluginTargets-debug.cmake",
		"C:/Qt/6.10.0/msvc2022_64/lib/cmake/Qt6Widgets/Qt6QModernWindowsStylePluginTargets-relwithdebinfo.cmake",
		"C:/Qt/6.10.0/msvc2022_64/lib/cmake/Qt6Widgets/Qt6QModernWindowsStylePluginAdditionalTargetInfo.cmake",
		"C:/Qt/6.10.0/msvc2022_64/lib/cmake/Qt6Widgets/Qt6WidgetsVersionlessAliasTargets.cmake",
		"C:/Qt/Tools/CMake_64/share/cmake-3.30/Modules/GNUInstallDirs.cmake",
		"C:/QT_Program/PhotoShop-Lite/Project/Res.qrc"
	],
	"CMAKE_SOURCE_DIR" : "C:/QT_Program/PhotoShop-Lite/Project",
	"CROSS_CONFIG" : false,
	"DEP_FILE" : "C:/QT_Program/PhotoShop-Lite/build/Desktop_Qt_6_10_0_MSVC2022_64bit-Release/PhotoShop-Lite_autogen/deps",
	"DEP_FILE_RULE_NAME" : "PhotoShop-Lite_autogen/timestamp",
	"HEADERS" : 
	[
		[
			"C:/QT_Program/PhotoShop-Lite/Project/SourseLib/BMP_Process.h",
			"MU",
			"E6ECIWQUNO/moc_BMP_Process.cpp",
			null
		],
		[
			"C:/QT_Program/PhotoShop-Lite/Project/mainwindow.h",
			"MU",
			"EWIEGA46WW/moc_mainwindow.cpp",
			null
		],
		[
			"C:/QT_Program/PhotoShop-Lite/Project/rotateimage.h",
			"MU",
			"EWIEGA46WW/moc_rotateimage.cpp",
			null
		],
		[
			"C:/QT_Program/PhotoShop-Lite/Project/shrinkmage.h",
			"MU",
			"EWIEGA46WW/moc_shrinkmage.cpp",
			null
		]
	],
	"HEADER_EXTENSIONS" : [ "h", "hh", "h++", "hm", "hpp", "hxx", "in", "txx" ],
	"INCLUDE_DIR" : "C:/QT_Program/PhotoShop-Lite/build/Desktop_Qt_6_10_0_MSVC2022_64bit-Release/PhotoShop-Lite_autogen/include",
	"MOC_COMPILATION_FILE" : "C:/QT_Program/PhotoShop-Lite/build/Desktop_Qt_6_10_0_MSVC2022_64bit-Release/PhotoShop-Lite_autogen/mocs_compilation.cpp",
	"MOC_DEFINITIONS" : 
	[
		"QT_CORE_LIB",
		"QT_GUI_LIB",
		"QT_NO_DEBUG",
		"QT_WIDGETS_LIB",
		"UNICODE",
		"WIN32",
		"WIN64",
		"_ENABLE_EXTENDED_ALIGNED_STORAGE",
		"_UNICODE",
		"_WIN64"
	],
	"MOC_DEPEND_FILTERS" : 
	[
		[
			"Q_PLUGIN_METADATA",
			"[\n][ \t]*Q_PLUGIN_METADATA[ \t]*\\([^\\)]*FILE[ \t]*\"([^\"]+)\""
		]
	],
	"MOC_INCLUDES" : 
	[
		"C:/Qt/6.10.0/msvc2022_64/include/QtCore",
		"C:/Qt/6.10.0/msvc2022_64/include",
		"C:/Qt/6.10.0/msvc2022_64/mkspecs/win32-msvc",
		"C:/Qt/6.10.0/msvc2022_64/include/QtWidgets",
		"C:/Qt/6.10.0/msvc2022_64/include/QtGui"
	],
	"MOC_MACRO_NAMES" : 
	[
		"Q_OBJECT",
		"Q_GADGET",
		"Q_NAMESPACE",
		"Q_NAMESPACE_EXPORT",
		"Q_GADGET_EXPORT",
		"Q_ENUM_NS"
	],
	"MOC_OPTIONS" : [],
	"MOC_PATH_PREFIX" : false,
	"MOC_PREDEFS_CMD" : [],
	"MOC_PREDEFS_FILE" : "",
	"MOC_RELAXED_MODE" : false,
	"MOC_SKIP" : [],
	"MULTI_CONFIG" : false,
	"PARALLEL" : 8,
	"PARSE_CACHE_FILE" : "C:/QT_Program/PhotoShop-Lite/build/Desktop_Qt_6_10_0_MSVC2022_64bit-Release/CMakeFiles/PhotoShop-Lite_autogen.dir/ParseCache.txt",
	"QT_MOC_EXECUTABLE" : "C:/Qt/6.10.0/msvc2022_64/bin/moc.exe",
	"QT_UIC_EXECUTABLE" : "C:/Qt/6.10.0/msvc2022_64/bin/uic.exe",
	"QT_VERSION_MAJOR" : 6,
	"QT_VERSION_MINOR" : 10,
	"SETTINGS_FILE" : "C:/QT_Program/PhotoShop-Lite/build/Desktop_Qt_6_10_0_MSVC2022_64bit-Release/CMakeFiles/PhotoShop-Lite_autogen.dir/AutogenUsed.txt",
	"SOURCES" : 
	[
		[
			"C:/QT_Program/PhotoShop-Lite/Project/SourseLib/BMP_Process.cpp",
			"MU",
			null
		],
		[ "C:/QT_Program/PhotoShop-Lite/Project/main.cpp", "MU", null ],
		[ "C:/QT_Program/PhotoShop-Lite/Project/mainwindow.cpp", "MU", null ],
		[ "C:/QT_Program/PhotoShop-Lite/Project/rotateimage.cpp", "MU", null ],
		[ "C:/QT_Program/PhotoShop-Lite/Project/shrinkmage.cpp", "MU", null ]
	],
	"UIC_OPTIONS" : [],
	"UIC_SEARCH_PATHS" : [],
	"UIC_SKIP" : [],
	"UIC_UI_FILES" : [],
	"USE_BETTER_GRAPH" : true,
	"VERBOSITY" : 0
}
