{
	"BUILD_DIR" : "C:/QT_Program/PhotoShop-Lite/build/Desktop_Qt_6_10_0_MSVC2022_64bit-Release/PhotoShop-Lite_autogen",
	"CMAKE_BINARY_DIR" : "C:/QT_Program/PhotoShop-Lite/build/Desktop_Qt_6_10_0_MSVC2022_64bit-Release",
	"CMAKE_CURRENT_BINARY_DIR" : "C:/QT_Program/PhotoShop-Lite/build/Desktop_Qt_6_10_0_MSVC2022_64bit-Release",
	"CMAKE_CURRENT_SOURCE_DIR" : "C:/QT_Program/PhotoShop-Lite/Project",
	"CMAKE_SOURCE_DIR" : "C:/QT_Program/PhotoShop-Lite/Project",
	"CROSS_CONFIG" : false,
	"GENERATOR" : "Ninja",
	"INCLUDE_DIR" : "C:/QT_Program/PhotoShop-Lite/build/Desktop_Qt_6_10_0_MSVC2022_64bit-Release/PhotoShop-Lite_autogen/include",
	"INPUTS" : 
	[
		"C:/QT_Program/PhotoShop-Lite/Project/Icon/blue690x100.png",
		"C:/QT_Program/PhotoShop-Lite/Project/Icon/barbackground.png",
		"C:/QT_Program/PhotoShop-Lite/Project/Icon/wating.png",
		"C:/QT_Program/PhotoShop-Lite/Project/Icon/background.png",
		"C:/QT_Program/PhotoShop-Lite/Project/Icon/gloo180x130.png",
		"C:/QT_Program/PhotoShop-Lite/Project/Icon/blue690x130.png",
		"C:/QT_Program/PhotoShop-Lite/Project/Icon/finish.png",
		"C:/QT_Program/PhotoShop-Lite/Project/Icon/close111.png",
		"C:/QT_Program/PhotoShop-Lite/Project/Icon/things.png",
		"C:/QT_Program/PhotoShop-Lite/Project/Icon/maxbtn.png",
		"C:/QT_Program/PhotoShop-Lite/Project/Icon/star.png",
		"C:/QT_Program/PhotoShop-Lite/Project/Icon/close1.png",
		"C:/QT_Program/PhotoShop-Lite/Project/Icon/minbtn.png",
		"C:/QT_Program/PhotoShop-Lite/Project/Icon/choosebtn.png",
		"C:/QT_Program/PhotoShop-Lite/Project/Icon/glooo130x80.png",
		"C:/QT_Program/PhotoShop-Lite/Project/Icon/closestay.png",
		"C:/QT_Program/PhotoShop-Lite/Project/Icon/image 1760.png",
		"C:/QT_Program/PhotoShop-Lite/Project/Icon/gloo130x80.png",
		"C:/QT_Program/PhotoShop-Lite/Project/Icon/image 811.png",
		"C:/QT_Program/PhotoShop-Lite/Project/Icon/smile.png",
		"C:/QT_Program/PhotoShop-Lite/Project/Icon/blue130x80.png",
		"C:/QT_Program/PhotoShop-Lite/Project/Icon/confirmbtnicon.png",
		"C:/QT_Program/PhotoShop-Lite/Project/Icon/image 807.png",
		"C:/QT_Program/PhotoShop-Lite/Project/Icon/flitbtn.png",
		"C:/QT_Program/PhotoShop-Lite/Project/Icon/blue120x100.png",
		"C:/QT_Program/PhotoShop-Lite/Project/Icon/doing.png",
		"C:/QT_Program/PhotoShop-Lite/Project/Icon/rottbtn.png",
		"C:/QT_Program/PhotoShop-Lite/Project/Icon/shrinkbtn.png",
		"C:/QT_Program/PhotoShop-Lite/Project/Icon/close.png",
		"C:/QT_Program/PhotoShop-Lite/Project/Picture/mclaren senna wallpaper.jpg"
	],
	"LOCK_FILE" : "C:/QT_Program/PhotoShop-Lite/build/Desktop_Qt_6_10_0_MSVC2022_64bit-Release/CMakeFiles/PhotoShop-Lite_autogen.dir/AutoRcc_Res_EWIEGA46WW_Lock.lock",
	"MULTI_CONFIG" : false,
	"OPTIONS" : [ "--no-zstd", "-name", "Res" ],
	"OUTPUT_CHECKSUM" : "EWIEGA46WW",
	"OUTPUT_NAME" : "qrc_Res.cpp",
	"RCC_EXECUTABLE" : "C:/Qt/6.10.0/msvc2022_64/bin/rcc.exe",
	"RCC_LIST_OPTIONS" : [ "--list" ],
	"SETTINGS_FILE" : "C:/QT_Program/PhotoShop-Lite/build/Desktop_Qt_6_10_0_MSVC2022_64bit-Release/CMakeFiles/PhotoShop-Lite_autogen.dir/AutoRcc_Res_EWIEGA46WW_Used.txt",
	"SOURCE" : "C:/QT_Program/PhotoShop-Lite/Project/Res.qrc",
	"USE_BETTER_GRAPH" : true,
	"VERBOSITY" : 0
}
